{"cameraMode":{"drawMode":0,"name":"Shaded","section":"Shading Mode"},"sceneLighting":true,"audioPlay":false,"sceneViewState":{"m_AlwaysRefresh":false,"showFog":true,"showSkybox":true,"showFlares":true,"showImageEffects":true,"showParticleSystems":true,"showVisualEffectGraphs":true,"m_FxEnabled":true},"in2DMode":false,"pivot":{"x":20.916309356689454,"y":16.144577026367189,"z":-12.04814338684082},"rotation":{"x":-0.21371424198150636,"y":0.5461575388908386,"z":-0.14683271944522859,"w":-0.7969191670417786},"size":0.8011860251426697,"orthographic":false}